{"cameraMode":{"drawMode":0,"name":"Shaded","section":"Shading Mode"},"sceneLighting":true,"audioPlay":false,"sceneViewState":{"m_AlwaysRefresh":false,"showFog":true,"showSkybox":true,"showFlares":true,"showImageEffects":true,"showParticleSystems":true,"showVisualEffectGraphs":true,"m_FxEnabled":true},"in2DMode":false,"pivot":{"x":192.50592041015626,"y":-39.146156311035159,"z":-12.572203636169434},"rotation":{"x":-0.40250715613365176,"y":0.09011906385421753,"z":-0.03984524682164192,"w":-0.9101043343544006},"size":1.2635011672973633,"orthographic":false}